Workbook

Sheet Instructions
A1: How to use this spreadsheet
A2: Step 1 | B2: Fill in the "SR List" sheet. Each row = one player + one item.
A3: Step 2 | B3: Paste an item URL (e.g. https://epochhead.com/?item=61804) into the "Item URL" column and the Item ID will be extracted automatically. Or type the Item ID directly into the "Item ID" column.
A4: Step 3 | B4: Set SR+ to the number of times that player has lost a roll on this item without winning. Leave at 0 if none.
A5: Step 4 | B5: Mark "Yes" in Hard Reserve? for any item that is hard reserved. The row will turn red.
A6: Step 5 | B6: Switch to "CSV Export" — the sheet auto-populates from your SR List.
A7: Step 6 | B7: Select all, copy, and paste into the converter tool (or export just the CSV Export sheet as a .csv file to upload).
A8: Step 7 | B8: Use the converter tool to paste the CSV and generate the Base64 import string for RollFor.
A9: Notes | B9: One row per player per item. A player with 2 SRs needs 2 rows. Item Name is optional and only for your reference — it is not exported.

Sheet SR List
A1: ⚔ Soft Reserve List
A2: Character Name | B2: Item URL (optional) | C2: Item ID | D2: Item Name (optional) | E2: SR+ | F2: Notes | G2: Hard Reserve?
C3: =IF(B3<>"",IFERROR(VALUE(MID(B3,FIND("=",B3)+1,LEN(B3))),""),"") | E3: 0 | G3: No
C4: =IF(B4<>"",IFERROR(VALUE(MID(B4,FIND("=",B4)+1,LEN(B4))),""),"") | E4: 0
C5: =IF(B5<>"",IFERROR(VALUE(MID(B5,FIND("=",B5)+1,LEN(B5))),""),"") | E5: 0
C6: =IF(B6<>"",IFERROR(VALUE(MID(B6,FIND("=",B6)+1,LEN(B6))),""),"") | E6: 0
C7: =IF(B7<>"",IFERROR(VALUE(MID(B7,FIND("=",B7)+1,LEN(B7))),""),"") | E7: 0
C8: =IF(B8<>"",IFERROR(VALUE(MID(B8,FIND("=",B8)+1,LEN(B8))),""),"") | E8: 0
C9: =IF(B9<>"",IFERROR(VALUE(MID(B9,FIND("=",B9)+1,LEN(B9))),""),"") | E9: 0
C10: =IF(B10<>"",IFERROR(VALUE(MID(B10,FIND("=",B10)+1,LEN(B10))),""),"") | E10: 0
C11: =IF(B11<>"",IFERROR(VALUE(MID(B11,FIND("=",B11)+1,LEN(B11))),""),"") | E11: 0
C12: =IF(B12<>"",IFERROR(VALUE(MID(B12,FIND("=",B12)+1,LEN(B12))),""),"") | E12: 0
C13: =IF(B13<>"",IFERROR(VALUE(MID(B13,FIND("=",B13)+1,LEN(B13))),""),"") | E13: 0
C14: =IF(B14<>"",IFERROR(VALUE(MID(B14,FIND("=",B14)+1,LEN(B14))),""),"") | E14: 0
C15: =IF(B15<>"",IFERROR(VALUE(MID(B15,FIND("=",B15)+1,LEN(B15))),""),"") | E15: 0
... C32: =IF(B32<>"",IFERROR(VALUE(MID(B32,FIND("=",B32)+1,LEN(B32))),""),"") | E32: 0

Sheet CSV Export
A1: 📋 CSV Export Preview – paste contents into the converter tool
A2: name | B2: item_id | C2: sr_plus | D2: hard_reserve
A3: =IF(AND('SR List'!A3<>"",'SR List'!C3<>""),'SR List'!A3,"") | B3: =IF(AND('SR List'!A3<>"",'SR List'!C3<>""),'SR List'!C3,"") | C3: =IF(AND('SR List'!A3<>"",'SR List'!C3<>""),'SR List'!E3,"") | D3: =IF(AND('SR List'!A3<>"",'SR List'!C3<>""),IF('SR List'!G3="Yes","true","false"),"")
A4: =IF(AND('SR List'!A4<>"",'SR List'!C4<>""),'SR List'!A4,"") | B4: =IF(AND('SR List'!A4<>"",'SR List'!C4<>""),'SR List'!C4,"") | C4: =IF(AND('SR List'!A4<>"",'SR List'!C4<>""),'SR List'!E4,"") | D4: =IF(AND('SR List'!A4<>"",'SR List'!C4<>""),IF('SR List'!G4="Yes","true","false"),"")
A5: =IF(AND('SR List'!A5<>"",'SR List'!C5<>""),'SR List'!A5,"") | B5: =IF(AND('SR List'!A5<>"",'SR List'!C5<>""),'SR List'!C5,"") | C5: =IF(AND('SR List'!A5<>"",'SR List'!C5<>""),'SR List'!E5,"") | D5: =IF(AND('SR List'!A5<>"",'SR List'!C5<>""),IF('SR List'!G5="Yes","true","false"),"")
A6: =IF(AND('SR List'!A6<>"",'SR List'!C6<>""),'SR List'!A6,"") | B6: =IF(AND('SR List'!A6<>"",'SR List'!C6<>""),'SR List'!C6,"") | C6: =IF(AND('SR List'!A6<>"",'SR List'!C6<>""),'SR List'!E6,"") | D6: =IF(AND('SR List'!A6<>"",'SR List'!C6<>""),IF('SR List'!G6="Yes","true","false"),"")
A7: =IF(AND('SR List'!A7<>"",'SR List'!C7<>""),'SR List'!A7,"") | B7: =IF(AND('SR List'!A7<>"",'SR List'!C7<>""),'SR List'!C7,"") | C7: =IF(AND('SR List'!A7<>"",'SR List'!C7<>""),'SR List'!E7,"") | D7: =IF(AND('SR List'!A7<>"",'SR List'!C7<>""),IF('SR List'!G7="Yes","true","false"),"")
A8: =IF(AND('SR List'!A8<>"",'SR List'!C8<>""),'SR List'!A8,"") | B8: =IF(AND('SR List'!A8<>"",'SR List'!C8<>""),'SR List'!C8,"") | C8: =IF(AND('SR List'!A8<>"",'SR List'!C8<>""),'SR List'!E8,"") | D8: =IF(AND('SR List'!A8<>"",'SR List'!C8<>""),IF('SR List'!G8="Yes","true","false"),"")
A9: =IF(AND('SR List'!A9<>"",'SR List'!C9<>""),'SR List'!A9,"") | B9: =IF(AND('SR List'!A9<>"",'SR List'!C9<>""),'SR List'!C9,"") | C9: =IF(AND('SR List'!A9<>"",'SR List'!C9<>""),'SR List'!E9,"") | D9: =IF(AND('SR List'!A9<>"",'SR List'!C9<>""),IF('SR List'!G9="Yes","true","false"),"")
A10: =IF(AND('SR List'!A10<>"",'SR List'!C10<>""),'SR List'!A10,"") | B10: =IF(AND('SR List'!A10<>"",'SR List'!C10<>""),'SR List'!C10,"") | C10: =IF(AND('SR List'!A10<>"",'SR List'!C10<>""),'SR List'!E10,"") | D10: =IF(AND('SR List'!A10<>"",'SR List'!C10<>""),IF('SR List'!G10="Yes","true","false"),"")
A11: =IF(AND('SR List'!A11<>"",'SR List'!C11<>""),'SR List'!A11,"") | B11: =IF(AND('SR List'!A11<>"",'SR List'!C11<>""),'SR List'!C11,"") | C11: =IF(AND('SR List'!A11<>"",'SR List'!C11<>""),'SR List'!E11,"") | D11: =IF(AND('SR List'!A11<>"",'SR List'!C11<>""),IF('SR List'!G11="Yes","true","false"),"")
A12: =IF(AND('SR List'!A12<>"",'SR List'!C12<>""),'SR List'!A12,"") | B12: =IF(AND('SR List'!A12<>"",'SR List'!C12<>""),'SR List'!C12,"") | C12: =IF(AND('SR List'!A12<>"",'SR List'!C12<>""),'SR List'!E12,"") | D12: =IF(AND('SR List'!A12<>"",'SR List'!C12<>""),IF('SR List'!G12="Yes","true","false"),"")
A13: =IF(AND('SR List'!A13<>"",'SR List'!C13<>""),'SR List'!A13,"") | B13: =IF(AND('SR List'!A13<>"",'SR List'!C13<>""),'SR List'!C13,"") | C13: =IF(AND('SR List'!A13<>"",'SR List'!C13<>""),'SR List'!E13,"") | D13: =IF(AND('SR List'!A13<>"",'SR List'!C13<>""),IF('SR List'!G13="Yes","true","false"),"")
A14: =IF(AND('SR List'!A14<>"",'SR List'!C14<>""),'SR List'!A14,"") | B14: =IF(AND('SR List'!A14<>"",'SR List'!C14<>""),'SR List'!C14,"") | C14: =IF(AND('SR List'!A14<>"",'SR List'!C14<>""),'SR List'!E14,"") | D14: =IF(AND('SR List'!A14<>"",'SR List'!C14<>""),IF('SR List'!G14="Yes","true","false"),"")
... A32: =IF(AND('SR List'!A32<>"",'SR List'!C32<>""),'SR List'!A32,"") | B32: =IF(AND('SR List'!A32<>"",'SR List'!C32<>""),'SR List'!C32,"") | C32: =IF(AND('SR List'!A32<>"",'SR List'!C32<>""),'SR List'!E32,"") | D32: =IF(AND('SR List'!A32<>"",'SR List'!C32<>""),IF('SR List'!G32="Yes","true","false"),"")
